<members>
  <member>
    <name>John Doe</name>
    <address>H# 38, R#3, Banani, Dhaka</address>
    <department>sales</department>
    <salary>20000</salary>
  </member>
  <member>
    <name>Mark Zuckerberg</name>
    <address>Flat# A/1, H# 20, R#18, Mirpur, Dhaka</address>
    <department>Accounts</department>
    <salary>12000</salary>
  </member>
  <member>
    <name>Ala Voski</name>
    <address>H# 38, R#3, Motijheel </address>
    <department>Human Resource</department>
    <salary>30000</salary>
  </member>
</members>